{
    "$schema": "https://schema.management.azure.com/schemas/2019-04-01/deploymentTemplate.json#",
    "contentVersion": "1.0.0.0",
    "parameters": {
        "virtual_network_name": {
            "type": "String",
            "metadata": {
                "description": "Name of the Virtual Network"
            }
        },
        "subnet_name": {
            "type": "String",
            "metadata": {
                "description": "Name of the Subnet"
            }
        },
        "cidr_subnet": {
            "type": "String",
            "metadata": {
                "description": "CIDR Block for Subnet"
            }
        },



        "subnet_private_endpoint_network_policy": {
            "type": "String",
            "metadata": {
                "description": "Name of the Private Endpoint Network Policy"
            }
        }
	},
    "variables": {},
    "resources": [
        {
            "type": "Microsoft.Network/virtualNetworks/subnets",
            "apiVersion": "2022-09-01",

            "name": "[concat(parameters('virtual_network_name'), '/',parameters('subnet_name'))]",
            "properties": {
                "addressPrefix": "[parameters('cidr_subnet')]",


                "serviceEndpoints": [],
                "delegations": [],
                "privateEndpointNetworkPolicies": "[parameters('subnet_private_endpoint_network_policy')]",
                "privateLinkServiceNetworkPolicies": "Enabled"
            }
        }
    ]
}